query,area,template,rank,domain,path,page_type,is_telecommnet,best_telecommnet_rank,top_n_captured,source_label,url_or_file
telecommunications expert witness,telecommunications,broad,1,seakexperts.com,/specialties/telecommunications-expert-witness,directory-or-firm-category-page,False,6,8,V,"https://www.google.com/search (hl=en gl=us pws=0), Chrome signed-in profile, 2026-10-10"
telecommunications expert witness,telecommunications,broad,2,jurispro.com,/category/telecommunications-s-228,directory-or-firm-category-page,False,6,8,V,"https://www.google.com/search (hl=en gl=us pws=0), Chrome signed-in profile, 2026-10-10"
telecommunications expert witness,telecommunications,broad,3,law.com,/expert-witness/directory/telecommunications/,directory-or-firm-category-page,False,6,8,V,"https://www.google.com/search (hl=en gl=us pws=0), Chrome signed-in profile, 2026-10-10"
telecommunications expert witness,telecommunications,broad,4,rubinanders.com,/experts/network-and-telecommunications/,directory-or-firm-category-page,False,6,8,V,"https://www.google.com/search (hl=en gl=us pws=0), Chrome signed-in profile, 2026-10-10"
telecommunications expert witness,telecommunications,broad,5,expertinstitute.com,/expert-witness/telecommunications/,directory-or-firm-category-page,False,6,8,V,"https://www.google.com/search (hl=en gl=us pws=0), Chrome signed-in profile, 2026-10-10"
telecommunications expert witness,telecommunications,broad,6,telecommnet.com,/,own-site,True,6,8,V,"https://www.google.com/search (hl=en gl=us pws=0), Chrome signed-in profile, 2026-10-10"
telecommunications expert witness,telecommunications,broad,7,barrgroup.com,/software-expert-witness/profile/telephony-regulation,directory-or-firm-category-page,False,6,8,V,"https://www.google.com/search (hl=en gl=us pws=0), Chrome signed-in profile, 2026-10-10"
telecommunications expert witness,telecommunications,broad,8,seakexperts.com,/keywords/telecom-expert-witness,directory-or-firm-category-page,False,6,8,V,"https://www.google.com/search (hl=en gl=us pws=0), Chrome signed-in profile, 2026-10-10"
telecommunications patent expert witness,telecommunications,patent,1,seakexperts.com,/specialties/telecommunications-expert-witness,directory-or-firm-category-page,False,4,9,V,"https://www.google.com/search (hl=en gl=us pws=0), Chrome signed-in profile, 2026-10-10"
telecommunications patent expert witness,telecommunications,patent,2,jurispro.com,/category/telecommunications-s-228,directory-or-firm-category-page,False,4,9,V,"https://www.google.com/search (hl=en gl=us pws=0), Chrome signed-in profile, 2026-10-10"
telecommunications patent expert witness,telecommunications,patent,3,sidespingroup.com,/telecommunications-expert-witness/,directory-or-firm-category-page,False,4,9,V,"https://www.google.com/search (hl=en gl=us pws=0), Chrome signed-in profile, 2026-10-10"
telecommunications patent expert witness,telecommunications,patent,4,telecommnet.com,/,own-site,True,4,9,V,"https://www.google.com/search (hl=en gl=us pws=0), Chrome signed-in profile, 2026-10-10"
telecommunications patent expert witness,telecommunications,patent,5,aperturellc.com,/industry-experts/technology-telecommunications/,other,False,4,9,V,"https://www.google.com/search (hl=en gl=us pws=0), Chrome signed-in profile, 2026-10-10"
telecommunications patent expert witness,telecommunications,patent,6,law.com,/expert-witness/directory/communications-telecommunications/,directory-or-firm-category-page,False,4,9,V,"https://www.google.com/search (hl=en gl=us pws=0), Chrome signed-in profile, 2026-10-10"
telecommunications patent expert witness,telecommunications,patent,7,barrgroup.com,/software-expert-witness/profile/telephony-regulation,directory-or-firm-category-page,False,4,9,V,"https://www.google.com/search (hl=en gl=us pws=0), Chrome signed-in profile, 2026-10-10"
telecommunications patent expert witness,telecommunications,patent,8,cahnlitigation.com,/expert-discipline/telephony/,directory-or-firm-category-page,False,4,9,V,"https://www.google.com/search (hl=en gl=us pws=0), Chrome signed-in profile, 2026-10-10"
telecommunications patent expert witness,telecommunications,patent,9,ipexpertwitness.net,/home/,other,False,4,9,V,"https://www.google.com/search (hl=en gl=us pws=0), Chrome signed-in profile, 2026-10-10"
ipr expert witness telecommunications,telecommunications,procedure,1,ipexpertwitness.net,/home/,other,False,9,9,V,"https://www.google.com/search (hl=en gl=us pws=0), Chrome signed-in profile, 2026-10-10"
ipr expert witness telecommunications,telecommunications,procedure,2,aperturellc.com,/industry-experts/technology-telecommunications/,other,False,9,9,V,"https://www.google.com/search (hl=en gl=us pws=0), Chrome signed-in profile, 2026-10-10"
ipr expert witness telecommunications,telecommunications,procedure,3,law.com,/expert-witness/directory/communications-telecommunications/,directory-or-firm-category-page,False,9,9,V,"https://www.google.com/search (hl=en gl=us pws=0), Chrome signed-in profile, 2026-10-10"
ipr expert witness telecommunications,telecommunications,procedure,4,seakexperts.com,/specialties/telecommunications-expert-witness,directory-or-firm-category-page,False,9,9,V,"https://www.google.com/search (hl=en gl=us pws=0), Chrome signed-in profile, 2026-10-10"
ipr expert witness telecommunications,telecommunications,procedure,5,jurispro.com,/category/telecommunications-s-228,directory-or-firm-category-page,False,9,9,V,"https://www.google.com/search (hl=en gl=us pws=0), Chrome signed-in profile, 2026-10-10"
ipr expert witness telecommunications,telecommunications,procedure,6,rubinanders.com,/experts/network-and-telecommunications/,directory-or-firm-category-page,False,9,9,V,"https://www.google.com/search (hl=en gl=us pws=0), Chrome signed-in profile, 2026-10-10"
ipr expert witness telecommunications,telecommunications,procedure,7,barrgroup.com,/software-expert-witness/profile/telephony-regulation,directory-or-firm-category-page,False,9,9,V,"https://www.google.com/search (hl=en gl=us pws=0), Chrome signed-in profile, 2026-10-10"
ipr expert witness telecommunications,telecommunications,procedure,8,experts.com,/expert-witnesses/categories/telecommunication-communication-technolog,directory-or-firm-category-page,False,9,9,V,"https://www.google.com/search (hl=en gl=us pws=0), Chrome signed-in profile, 2026-10-10"
ipr expert witness telecommunications,telecommunications,procedure,9,telecommnet.com,/,own-site,True,9,9,V,"https://www.google.com/search (hl=en gl=us pws=0), Chrome signed-in profile, 2026-10-10"
markman claim construction expert witness telecommunications,telecommunications,procedure,1,telecommnet.com,/communications-expert-witness/telecommunications-expert-witness/,own-site,True,1,9,V,"https://www.google.com/search (hl=en gl=us pws=0), Chrome signed-in profile, 2026-10-10"
markman claim construction expert witness telecommunications,telecommunications,procedure,2,cahnlitigation.com,/expert-discipline/telephony/,directory-or-firm-category-page,False,1,9,V,"https://www.google.com/search (hl=en gl=us pws=0), Chrome signed-in profile, 2026-10-10"
markman claim construction expert witness telecommunications,telecommunications,procedure,3,forensisgroup.com,/resources/expert-legal-witness-blog/patent-and-ip-disputes-in-fiber-o,directory-or-firm-category-page,False,1,9,V,"https://www.google.com/search (hl=en gl=us pws=0), Chrome signed-in profile, 2026-10-10"
markman claim construction expert witness telecommunications,telecommunications,procedure,4,deancummins.com,/expert,other,False,1,9,V,"https://www.google.com/search (hl=en gl=us pws=0), Chrome signed-in profile, 2026-10-10"
markman claim construction expert witness telecommunications,telecommunications,procedure,5,dvicomm.com,/services/services/intellectual-property-and-expert-witness/,other,False,1,9,V,"https://www.google.com/search (hl=en gl=us pws=0), Chrome signed-in profile, 2026-10-10"
markman claim construction expert witness telecommunications,telecommunications,procedure,6,barrgroup.com,/markman-hearings-technology-tutorials,directory-or-firm-category-page,False,1,9,V,"https://www.google.com/search (hl=en gl=us pws=0), Chrome signed-in profile, 2026-10-10"
markman claim construction expert witness telecommunications,telecommunications,procedure,7,finnegan.com,/en/insights/articles/using-an-expert-at-a-markman-hearing-practical-a,other,False,1,9,V,"https://www.google.com/search (hl=en gl=us pws=0), Chrome signed-in profile, 2026-10-10"
markman claim construction expert witness telecommunications,telecommunications,procedure,8,telecommnet.com,/,own-site,True,1,9,V,"https://www.google.com/search (hl=en gl=us pws=0), Chrome signed-in profile, 2026-10-10"
markman claim construction expert witness telecommunications,telecommunications,procedure,9,ipde.com,/blog/2026/02/12/update-court-denies-leave-for-expert-to-testify-remot,other,False,1,9,V,"https://www.google.com/search (hl=en gl=us pws=0), Chrome signed-in profile, 2026-10-10"
itc section 337 expert witness networking,networking,procedure,1,telecommnet.com,/communications-expert-witness/networking-expert-witness/,own-site,True,1,9,V,"https://www.google.com/search (hl=en gl=us pws=0), Chrome signed-in profile, 2026-10-10"
itc section 337 expert witness networking,networking,procedure,2,doar.com,/insights/experts-itc-section-337-investigations/,directory-or-firm-category-page,False,1,9,V,"https://www.google.com/search (hl=en gl=us pws=0), Chrome signed-in profile, 2026-10-10"
itc section 337 expert witness networking,networking,procedure,3,connect.patexia.com,/practice-areas/itc-section-337,other,False,1,9,V,"https://www.google.com/search (hl=en gl=us pws=0), Chrome signed-in profile, 2026-10-10"
itc section 337 expert witness networking,networking,procedure,4,cornerstone.com,/practices/services/international-trade/,other,False,1,9,V,"https://www.google.com/search (hl=en gl=us pws=0), Chrome signed-in profile, 2026-10-10"
itc section 337 expert witness networking,networking,procedure,5,analysisgroup.com,/practices/intellectual-property/itc-section-337-investigations/,other,False,1,9,V,"https://www.google.com/search (hl=en gl=us pws=0), Chrome signed-in profile, 2026-10-10"
itc section 337 expert witness networking,networking,procedure,6,law.com,/newyorklawjournal/2025/03/24/the-role-of-experts-in-itc-section-337-i,directory-or-firm-category-page,False,1,9,V,"https://www.google.com/search (hl=en gl=us pws=0), Chrome signed-in profile, 2026-10-10"
itc section 337 expert witness networking,networking,procedure,7,huschblackwell.com,/industries_services/section-337,other,False,1,9,V,"https://www.google.com/search (hl=en gl=us pws=0), Chrome signed-in profile, 2026-10-10"
itc section 337 expert witness networking,networking,procedure,8,brattle.com,/experts/pallavi-seth/,other,False,1,9,V,"https://www.google.com/search (hl=en gl=us pws=0), Chrome signed-in profile, 2026-10-10"
itc section 337 expert witness networking,networking,procedure,9,barrgroup.com,/,directory-or-firm-category-page,False,1,9,V,"https://www.google.com/search (hl=en gl=us pws=0), Chrome signed-in profile, 2026-10-10"
tal lavian expert witness,name,name,1,telecommnet.com,/,own-site,True,1,7,V,"https://www.google.com/search (hl=en gl=us pws=0), Chrome signed-in profile, 2026-10-10"
tal lavian expert witness,name,name,2,seakexperts.com,/members/11343-dr-tal-lavian,directory-profile-or-person,False,1,7,V,"https://www.google.com/search (hl=en gl=us pws=0), Chrome signed-in profile, 2026-10-10"
tal lavian expert witness,name,name,3,jurispro.com,/expert/dr-tal-lavian-phd-2569,directory-profile-or-person,False,1,7,V,"https://www.google.com/search (hl=en gl=us pws=0), Chrome signed-in profile, 2026-10-10"
tal lavian expert witness,name,name,4,law.com,/expert-witness/expertsbio/tal-lavian/,directory-profile-or-person,False,1,7,V,"https://www.google.com/search (hl=en gl=us pws=0), Chrome signed-in profile, 2026-10-10"
tal lavian expert witness,name,name,5,ptacts.uspto.gov,/ptacts/public-informations/petitions/1550987/download-documents,PTAB-record,False,1,7,V,"https://www.google.com/search (hl=en gl=us pws=0), Chrome signed-in profile, 2026-10-10"
tal lavian expert witness,name,name,6,linkedin.com,/in/tallavian,directory-profile-or-person,False,1,7,V,"https://www.google.com/search (hl=en gl=us pws=0), Chrome signed-in profile, 2026-10-10"
tal lavian expert witness,name,name,7,experts.com,/expert-witnesses/categories/telecommunication-systems,directory-or-firm-category-page,False,1,7,V,"https://www.google.com/search (hl=en gl=us pws=0), Chrome signed-in profile, 2026-10-10"
internet expert witness,internet,broad,1,seakexperts.com,/specialties/internet-expert-witness,directory-or-firm-category-page,False,,9,V,"https://www.google.com/search (hl=en gl=us pws=0), Chrome signed-in profile, 2026-10-10"
internet expert witness,internet,broad,2,jurispro.com,/category/internet-s-242/CA,directory-or-firm-category-page,False,,9,V,"https://www.google.com/search (hl=en gl=us pws=0), Chrome signed-in profile, 2026-10-10"
internet expert witness,internet,broad,3,expertinstitute.com,/expert-witness/internet/california/,directory-or-firm-category-page,False,,9,V,"https://www.google.com/search (hl=en gl=us pws=0), Chrome signed-in profile, 2026-10-10"
internet expert witness,internet,broad,4,quandarypeak.com,/areas-of-expertise/internet-expert-witness/,other,False,,9,V,"https://www.google.com/search (hl=en gl=us pws=0), Chrome signed-in profile, 2026-10-10"
internet expert witness,internet,broad,5,law.com,/expert-witness/directory/internet-technology/,directory-or-firm-category-page,False,,9,V,"https://www.google.com/search (hl=en gl=us pws=0), Chrome signed-in profile, 2026-10-10"
internet expert witness,internet,broad,6,roundtablegroup.com,/expert-witness-field/internet-expert-witnesses/,directory-or-firm-category-page,False,,9,V,"https://www.google.com/search (hl=en gl=us pws=0), Chrome signed-in profile, 2026-10-10"
internet expert witness,internet,broad,7,expertinstitute.com,/resources/insights/internet-expert-witness/,directory-or-firm-category-page,False,,9,V,"https://www.google.com/search (hl=en gl=us pws=0), Chrome signed-in profile, 2026-10-10"
internet expert witness,internet,broad,8,seakexperts.com,/keywords/internet-expert-witness,directory-or-firm-category-page,False,,9,V,"https://www.google.com/search (hl=en gl=us pws=0), Chrome signed-in profile, 2026-10-10"
internet expert witness,internet,broad,9,peterkentconsulting.com,/expert-witness/what-is-an-expert-witness/internet-expert-witness.html,other,False,,9,V,"https://www.google.com/search (hl=en gl=us pws=0), Chrome signed-in profile, 2026-10-10"
internet patent expert witness,internet,patent,1,law.com,/expert-witness/directory/internet-patents/,directory-or-firm-category-page,False,,9,V,"https://www.google.com/search (hl=en gl=us pws=0), Chrome signed-in profile, 2026-10-10"
internet patent expert witness,internet,patent,2,cahnlitigation.com,/expert-discipline/internet-technology-patents/,directory-or-firm-category-page,False,,9,V,"https://www.google.com/search (hl=en gl=us pws=0), Chrome signed-in profile, 2026-10-10"
internet patent expert witness,internet,patent,3,peterkentconsulting.com,/expert-witness/peter-kent-internet-technology-patents-expert-witness.,other,False,,9,V,"https://www.google.com/search (hl=en gl=us pws=0), Chrome signed-in profile, 2026-10-10"
internet patent expert witness,internet,patent,4,seakexperts.com,/specialties/intellectual-property-expert-witness,directory-or-firm-category-page,False,,9,V,"https://www.google.com/search (hl=en gl=us pws=0), Chrome signed-in profile, 2026-10-10"
internet patent expert witness,internet,patent,5,futuristsspeakers.com,/internet-patent-expert-witness-testimony/,other,False,,9,V,"https://www.google.com/search (hl=en gl=us pws=0), Chrome signed-in profile, 2026-10-10"
internet patent expert witness,internet,patent,6,nabil.eng.wayne.edu,/patent_infringement_experience/index.html,other,False,,9,V,"https://www.google.com/search (hl=en gl=us pws=0), Chrome signed-in profile, 2026-10-10"
internet patent expert witness,internet,patent,7,sidespingroup.com,/internet-and-web-expert-witness/,directory-or-firm-category-page,False,,9,V,"https://www.google.com/search (hl=en gl=us pws=0), Chrome signed-in profile, 2026-10-10"
internet patent expert witness,internet,patent,8,forensisgroup.com,/forensis-expert-witness/expertise/internet-protocol,directory-or-firm-category-page,False,,9,V,"https://www.google.com/search (hl=en gl=us pws=0), Chrome signed-in profile, 2026-10-10"
internet patent expert witness,internet,patent,9,jurispro.com,/category/internet-s-242,directory-or-firm-category-page,False,,9,V,"https://www.google.com/search (hl=en gl=us pws=0), Chrome signed-in profile, 2026-10-10"
internet protocols patent expert witness,internet,patent,1,cahnlitigation.com,/expert-discipline/internet-protocol/,directory-or-firm-category-page,False,2,9,V,"https://www.google.com/search (hl=en gl=us pws=0), Chrome signed-in profile, 2026-10-10"
internet protocols patent expert witness,internet,patent,2,telecommnet.com,/communications-expert-witness/internet-expert-witness/,own-site,True,2,9,V,"https://www.google.com/search (hl=en gl=us pws=0), Chrome signed-in profile, 2026-10-10"
internet protocols patent expert witness,internet,patent,3,seakexperts.com,/members/11343-dr-tal-lavian,directory-profile-or-person,False,2,9,V,"https://www.google.com/search (hl=en gl=us pws=0), Chrome signed-in profile, 2026-10-10"
internet protocols patent expert witness,internet,patent,4,forensisgroup.com,/forensis-expert-witness/expertise/internet-protocol,directory-or-firm-category-page,False,2,9,V,"https://www.google.com/search (hl=en gl=us pws=0), Chrome signed-in profile, 2026-10-10"
internet protocols patent expert witness,internet,patent,5,law.com,/expert-witness/expertsbio/tal-lavian/,directory-profile-or-person,False,2,9,V,"https://www.google.com/search (hl=en gl=us pws=0), Chrome signed-in profile, 2026-10-10"
internet protocols patent expert witness,internet,patent,6,sidespingroup.com,/computer-networking-expert-witness/,directory-or-firm-category-page,False,2,9,V,"https://www.google.com/search (hl=en gl=us pws=0), Chrome signed-in profile, 2026-10-10"
internet protocols patent expert witness,internet,patent,7,seakexperts.com,/keywords/tcp-ip-internet-protocols-expert-witness,directory-or-firm-category-page,False,2,9,V,"https://www.google.com/search (hl=en gl=us pws=0), Chrome signed-in profile, 2026-10-10"
internet protocols patent expert witness,internet,patent,8,nabil.eng.wayne.edu,/patent_infringement_experience/index.html,other,False,2,9,V,"https://www.google.com/search (hl=en gl=us pws=0), Chrome signed-in profile, 2026-10-10"
internet protocols patent expert witness,internet,patent,9,discoveryengineering.net,/practice-areas/internet/,other,False,2,9,V,"https://www.google.com/search (hl=en gl=us pws=0), Chrome signed-in profile, 2026-10-10"
network communications expert witness,network communications,broad,1,jurispro.com,/category/telecommunications-s-228/CA,directory-or-firm-category-page,False,3,8,V,"https://www.google.com/search (hl=en gl=us pws=0), Chrome signed-in profile, 2026-10-10"
network communications expert witness,network communications,broad,2,seakexperts.com,/specialties/telecommunications-expert-witness,directory-or-firm-category-page,False,3,8,V,"https://www.google.com/search (hl=en gl=us pws=0), Chrome signed-in profile, 2026-10-10"
network communications expert witness,network communications,broad,3,telecommnet.com,/communications-expert-witness/network-communications-expert-witness/,own-site,True,3,8,V,"https://www.google.com/search (hl=en gl=us pws=0), Chrome signed-in profile, 2026-10-10"
network communications expert witness,network communications,broad,4,rubinanders.com,/experts/network-and-telecommunications/,directory-or-firm-category-page,False,3,8,V,"https://www.google.com/search (hl=en gl=us pws=0), Chrome signed-in profile, 2026-10-10"
network communications expert witness,network communications,broad,5,law.com,/expert-witness/expertsbio/tal-lavian/,directory-profile-or-person,False,3,8,V,"https://www.google.com/search (hl=en gl=us pws=0), Chrome signed-in profile, 2026-10-10"
network communications expert witness,network communications,broad,6,sidespingroup.com,/computer-networking-expert-witness/,directory-or-firm-category-page,False,3,8,V,"https://www.google.com/search (hl=en gl=us pws=0), Chrome signed-in profile, 2026-10-10"
network communications expert witness,network communications,broad,7,barrgroup.com,/software-expert-witness/areas-of-expertise/cellular-telecom,directory-or-firm-category-page,False,3,8,V,"https://www.google.com/search (hl=en gl=us pws=0), Chrome signed-in profile, 2026-10-10"
network communications expert witness,network communications,broad,8,videntpartners.com,/experts/cyber/telecommunications,other,False,3,8,V,"https://www.google.com/search (hl=en gl=us pws=0), Chrome signed-in profile, 2026-10-10"
network communications patent expert witness,network communications,patent,1,telecommnet.com,/communications-expert-witness/,own-site,True,1,9,V,"https://www.google.com/search (hl=en gl=us pws=0), Chrome signed-in profile, 2026-10-10"
network communications patent expert witness,network communications,patent,2,seakexperts.com,/members/11343-dr-tal-lavian,directory-profile-or-person,False,1,9,V,"https://www.google.com/search (hl=en gl=us pws=0), Chrome signed-in profile, 2026-10-10"
network communications patent expert witness,network communications,patent,3,jurispro.com,/category/telecommunications-s-228/CA,directory-or-firm-category-page,False,1,9,V,"https://www.google.com/search (hl=en gl=us pws=0), Chrome signed-in profile, 2026-10-10"
network communications patent expert witness,network communications,patent,4,law.com,/expert-witness/directory/communications-telecommunications/,directory-or-firm-category-page,False,1,9,V,"https://www.google.com/search (hl=en gl=us pws=0), Chrome signed-in profile, 2026-10-10"
network communications patent expert witness,network communications,patent,5,cahnlitigation.com,/expert-discipline/communications/,directory-or-firm-category-page,False,1,9,V,"https://www.google.com/search (hl=en gl=us pws=0), Chrome signed-in profile, 2026-10-10"
network communications patent expert witness,network communications,patent,6,sidespingroup.com,/telecommunications-expert-witness/,directory-or-firm-category-page,False,1,9,V,"https://www.google.com/search (hl=en gl=us pws=0), Chrome signed-in profile, 2026-10-10"
network communications patent expert witness,network communications,patent,7,rubinanders.com,/experts/network-and-telecommunications/,directory-or-firm-category-page,False,1,9,V,"https://www.google.com/search (hl=en gl=us pws=0), Chrome signed-in profile, 2026-10-10"
network communications patent expert witness,network communications,patent,8,ptacts.uspto.gov,/ptacts/public-informations/petitions/1550987/download-documents,PTAB-record,False,1,9,V,"https://www.google.com/search (hl=en gl=us pws=0), Chrome signed-in profile, 2026-10-10"
network communications patent expert witness,network communications,patent,9,experts.com,/expert-witnesses/categories/telecommunication-communication-technolog,directory-or-firm-category-page,False,1,9,V,"https://www.google.com/search (hl=en gl=us pws=0), Chrome signed-in profile, 2026-10-10"
computer networking expert witness,computer networking,broad,1,seakexperts.com,/keywords/computer-networks-expert-witness,directory-or-firm-category-page,False,7,8,V,"https://www.google.com/search (hl=en gl=us pws=0), Chrome signed-in profile, 2026-10-10"
computer networking expert witness,computer networking,broad,2,jurispro.com,/category/networking-s-234,directory-or-firm-category-page,False,7,8,V,"https://www.google.com/search (hl=en gl=us pws=0), Chrome signed-in profile, 2026-10-10"
computer networking expert witness,computer networking,broad,3,law.com,/expert-witness/directory/computer-networks/,directory-or-firm-category-page,False,7,8,V,"https://www.google.com/search (hl=en gl=us pws=0), Chrome signed-in profile, 2026-10-10"
computer networking expert witness,computer networking,broad,4,experts.com,/expert-witnesses/categories/computer-networking,directory-or-firm-category-page,False,7,8,V,"https://www.google.com/search (hl=en gl=us pws=0), Chrome signed-in profile, 2026-10-10"
computer networking expert witness,computer networking,broad,5,cahnlitigation.com,/expert-discipline/computer-networking/,directory-or-firm-category-page,False,7,8,V,"https://www.google.com/search (hl=en gl=us pws=0), Chrome signed-in profile, 2026-10-10"
computer networking expert witness,computer networking,broad,6,quandarypeak.com,/areas-of-expertise/computer-network-expert-witness/,other,False,7,8,V,"https://www.google.com/search (hl=en gl=us pws=0), Chrome signed-in profile, 2026-10-10"
computer networking expert witness,computer networking,broad,7,telecommnet.com,/communications-expert-witness/computer-networking-expert-witness/,own-site,True,7,8,V,"https://www.google.com/search (hl=en gl=us pws=0), Chrome signed-in profile, 2026-10-10"
computer networking expert witness,computer networking,broad,8,sidespingroup.com,/computer-networking-expert-witness/,directory-or-firm-category-page,False,7,8,V,"https://www.google.com/search (hl=en gl=us pws=0), Chrome signed-in profile, 2026-10-10"
computer network patent litigation expert,computer networking,patent,1,telecommnet.com,/communications-expert-witness/computer-networking-expert-witness/,own-site,True,1,9,V,"https://www.google.com/search (hl=en gl=us pws=0), Chrome signed-in profile, 2026-10-10"
computer network patent litigation expert,computer networking,patent,2,cahnlitigation.com,/expert-discipline/computer-networking/,directory-or-firm-category-page,False,1,9,V,"https://www.google.com/search (hl=en gl=us pws=0), Chrome signed-in profile, 2026-10-10"
computer network patent litigation expert,computer networking,patent,3,sidespingroup.com,/computer-networking-expert-witness/,directory-or-firm-category-page,False,1,9,V,"https://www.google.com/search (hl=en gl=us pws=0), Chrome signed-in profile, 2026-10-10"
computer network patent litigation expert,computer networking,patent,4,law.com,/expert-witness/expertsbio/tal-lavian/,directory-profile-or-person,False,1,9,V,"https://www.google.com/search (hl=en gl=us pws=0), Chrome signed-in profile, 2026-10-10"
computer network patent litigation expert,computer networking,patent,5,linkedin.com,/in/jinghuphd,directory-profile-or-person,False,1,9,V,"https://www.google.com/search (hl=en gl=us pws=0), Chrome signed-in profile, 2026-10-10"
computer network patent litigation expert,computer networking,patent,6,nabil.eng.wayne.edu,/patent_infringement_experience/index.html,other,False,1,9,V,"https://www.google.com/search (hl=en gl=us pws=0), Chrome signed-in profile, 2026-10-10"
computer network patent litigation expert,computer networking,patent,7,roundtablegroup.com,/expert-witness-field/computer-networking-expert-witnesses/,directory-or-firm-category-page,False,1,9,V,"https://www.google.com/search (hl=en gl=us pws=0), Chrome signed-in profile, 2026-10-10"
computer network patent litigation expert,computer networking,patent,8,jurispro.com,/category/networking-s-234,directory-or-firm-category-page,False,1,9,V,"https://www.google.com/search (hl=en gl=us pws=0), Chrome signed-in profile, 2026-10-10"
computer network patent litigation expert,computer networking,patent,9,seakexperts.com,/specialties/software-engineering-expert-witness,directory-or-firm-category-page,False,1,9,V,"https://www.google.com/search (hl=en gl=us pws=0), Chrome signed-in profile, 2026-10-10"
data communications expert witness,data communications,broad,1,jurispro.com,/category/data-communications-s-232,directory-or-firm-category-page,False,3,9,V,"https://www.google.com/search (hl=en gl=us pws=0), Chrome signed-in profile, 2026-10-10"
data communications expert witness,data communications,broad,2,seakexperts.com,/keywords/data-communications-expert-witness,directory-or-firm-category-page,False,3,9,V,"https://www.google.com/search (hl=en gl=us pws=0), Chrome signed-in profile, 2026-10-10"
data communications expert witness,data communications,broad,3,telecommnet.com,/communications-expert-witness/data-communications-expert-witness/,own-site,True,3,9,V,"https://www.google.com/search (hl=en gl=us pws=0), Chrome signed-in profile, 2026-10-10"
data communications expert witness,data communications,broad,4,law.com,/expert-witness/expertsbio/tal-lavian/,directory-profile-or-person,False,3,9,V,"https://www.google.com/search (hl=en gl=us pws=0), Chrome signed-in profile, 2026-10-10"
data communications expert witness,data communications,broad,5,proexpertwitness.com,/experts/data-communications/california,directory-or-firm-category-page,False,3,9,V,"https://www.google.com/search (hl=en gl=us pws=0), Chrome signed-in profile, 2026-10-10"
data communications expert witness,data communications,broad,6,cahnlitigation.com,/expert-discipline/data-analysis/,directory-or-firm-category-page,False,3,9,V,"https://www.google.com/search (hl=en gl=us pws=0), Chrome signed-in profile, 2026-10-10"
data communications expert witness,data communications,broad,7,jurispro.com,/category/communications-s-227,directory-or-firm-category-page,False,3,9,V,"https://www.google.com/search (hl=en gl=us pws=0), Chrome signed-in profile, 2026-10-10"
data communications expert witness,data communications,broad,8,experts.com,/expert-witnesses/categories/digital-communication,directory-or-firm-category-page,False,3,9,V,"https://www.google.com/search (hl=en gl=us pws=0), Chrome signed-in profile, 2026-10-10"
data communications expert witness,data communications,broad,9,seakexperts.com,/specialties/telecommunications-expert-witness,directory-or-firm-category-page,False,3,9,V,"https://www.google.com/search (hl=en gl=us pws=0), Chrome signed-in profile, 2026-10-10"
data communications patent expert witness,data communications,patent,1,telecommnet.com,/communications-expert-witness/data-communications-expert-witness/,own-site,True,1,9,V,"https://www.google.com/search (hl=en gl=us pws=0), Chrome signed-in profile, 2026-10-10"
data communications patent expert witness,data communications,patent,2,seakexperts.com,/members/11343-dr-tal-lavian,directory-profile-or-person,False,1,9,V,"https://www.google.com/search (hl=en gl=us pws=0), Chrome signed-in profile, 2026-10-10"
data communications patent expert witness,data communications,patent,3,jurispro.com,/category/data-communications-s-232,directory-or-firm-category-page,False,1,9,V,"https://www.google.com/search (hl=en gl=us pws=0), Chrome signed-in profile, 2026-10-10"
data communications patent expert witness,data communications,patent,4,law.com,/expert-witness/expertsbio/tal-lavian/,directory-profile-or-person,False,1,9,V,"https://www.google.com/search (hl=en gl=us pws=0), Chrome signed-in profile, 2026-10-10"
data communications patent expert witness,data communications,patent,5,apexpertgroup.com,/technology-telecommunications-experts/,other,False,1,9,V,"https://www.google.com/search (hl=en gl=us pws=0), Chrome signed-in profile, 2026-10-10"
data communications patent expert witness,data communications,patent,6,sidespingroup.com,/telecommunications-expert-witness/,directory-or-firm-category-page,False,1,9,V,"https://www.google.com/search (hl=en gl=us pws=0), Chrome signed-in profile, 2026-10-10"
data communications patent expert witness,data communications,patent,7,nabil.eng.wayne.edu,/patent_infringement_experience/index.html,other,False,1,9,V,"https://www.google.com/search (hl=en gl=us pws=0), Chrome signed-in profile, 2026-10-10"
data communications patent expert witness,data communications,patent,8,cahnlitigation.com,/expert-discipline/communications/,directory-or-firm-category-page,False,1,9,V,"https://www.google.com/search (hl=en gl=us pws=0), Chrome signed-in profile, 2026-10-10"
data communications patent expert witness,data communications,patent,9,lexvisio.com,/expert-witnesses/telecommunications,directory-or-firm-category-page,False,1,9,V,"https://www.google.com/search (hl=en gl=us pws=0), Chrome signed-in profile, 2026-10-10"
networking expert witness,networking,broad,1,jurispro.com,/category/networking-s-234,directory-or-firm-category-page,False,6,9,V,"https://www.google.com/search (hl=en gl=us pws=0), Chrome signed-in profile, 2026-10-10"
networking expert witness,networking,broad,2,seakexperts.com,/keywords/computer-networks-expert-witness,directory-or-firm-category-page,False,6,9,V,"https://www.google.com/search (hl=en gl=us pws=0), Chrome signed-in profile, 2026-10-10"
networking expert witness,networking,broad,3,expertinstitute.com,/expert-witness/network/,directory-or-firm-category-page,False,6,9,V,"https://www.google.com/search (hl=en gl=us pws=0), Chrome signed-in profile, 2026-10-10"
networking expert witness,networking,broad,4,sidespingroup.com,/computer-networking-expert-witness/,directory-or-firm-category-page,False,6,9,V,"https://www.google.com/search (hl=en gl=us pws=0), Chrome signed-in profile, 2026-10-10"
networking expert witness,networking,broad,5,experts.com,/expert-witnesses/categories/computer-networking,directory-or-firm-category-page,False,6,9,V,"https://www.google.com/search (hl=en gl=us pws=0), Chrome signed-in profile, 2026-10-10"
networking expert witness,networking,broad,6,telecommnet.com,/communications-expert-witness/computer-networking-expert-witness/,own-site,True,6,9,V,"https://www.google.com/search (hl=en gl=us pws=0), Chrome signed-in profile, 2026-10-10"
networking expert witness,networking,broad,7,cahnlitigation.com,/expert-discipline/networking/,directory-or-firm-category-page,False,6,9,V,"https://www.google.com/search (hl=en gl=us pws=0), Chrome signed-in profile, 2026-10-10"
networking expert witness,networking,broad,8,rubinanders.com,/experts/network-and-telecommunications/,directory-or-firm-category-page,False,6,9,V,"https://www.google.com/search (hl=en gl=us pws=0), Chrome signed-in profile, 2026-10-10"
networking expert witness,networking,broad,9,expertwitnessnetwork.org,/,directory-or-firm-category-page,False,6,9,V,"https://www.google.com/search (hl=en gl=us pws=0), Chrome signed-in profile, 2026-10-10"
networking patent expert witness,networking,patent,1,telecommnet.com,/communications-expert-witness/networking-expert-witness/,own-site,True,1,9,V,"https://www.google.com/search (hl=en gl=us pws=0), Chrome signed-in profile, 2026-10-10"
networking patent expert witness,networking,patent,2,cahnlitigation.com,/expert-discipline/networking/,directory-or-firm-category-page,False,1,9,V,"https://www.google.com/search (hl=en gl=us pws=0), Chrome signed-in profile, 2026-10-10"
networking patent expert witness,networking,patent,3,seakexperts.com,/keywords/computer-networks-expert-witness,directory-or-firm-category-page,False,1,9,V,"https://www.google.com/search (hl=en gl=us pws=0), Chrome signed-in profile, 2026-10-10"
networking patent expert witness,networking,patent,4,sidespingroup.com,/computer-networking-expert-witness/,directory-or-firm-category-page,False,1,9,V,"https://www.google.com/search (hl=en gl=us pws=0), Chrome signed-in profile, 2026-10-10"
networking patent expert witness,networking,patent,5,jurispro.com,/category/patents-s-393/CA,directory-or-firm-category-page,False,1,9,V,"https://www.google.com/search (hl=en gl=us pws=0), Chrome signed-in profile, 2026-10-10"
networking patent expert witness,networking,patent,6,nabil.eng.wayne.edu,/patent_infringement_experience/index.html,other,False,1,9,V,"https://www.google.com/search (hl=en gl=us pws=0), Chrome signed-in profile, 2026-10-10"
networking patent expert witness,networking,patent,7,telecommnet.com,/communications-expert-witness/computer-networking-expert-witness/,own-site,True,1,9,V,"https://www.google.com/search (hl=en gl=us pws=0), Chrome signed-in profile, 2026-10-10"
networking patent expert witness,networking,patent,8,roundtablegroup.com,/expert-witness-field/computer-networking-expert-witnesses/,directory-or-firm-category-page,False,1,9,V,"https://www.google.com/search (hl=en gl=us pws=0), Chrome signed-in profile, 2026-10-10"
networking patent expert witness,networking,patent,9,inex.one,/expert-network-directory/teklicon,directory-or-firm-category-page,False,1,9,V,"https://www.google.com/search (hl=en gl=us pws=0), Chrome signed-in profile, 2026-10-10"
routing and switching expert witness,routing and switching,broad,1,legalexperts.ai,/expert-witness/computers-and-technology/routing-switching,directory-or-firm-category-page,False,2,9,V,"https://www.google.com/search (hl=en gl=us pws=0), Chrome signed-in profile, 2026-10-10"
routing and switching expert witness,routing and switching,broad,2,telecommnet.com,/communications-expert-witness/routing-switching-expert-witness/,own-site,True,2,9,V,"https://www.google.com/search (hl=en gl=us pws=0), Chrome signed-in profile, 2026-10-10"
routing and switching expert witness,routing and switching,broad,3,cahnlitigation.com,/expert-discipline/digital-switching/,directory-or-firm-category-page,False,2,9,V,"https://www.google.com/search (hl=en gl=us pws=0), Chrome signed-in profile, 2026-10-10"
routing and switching expert witness,routing and switching,broad,4,sidespingroup.com,/computer-networking-expert-witness/,directory-or-firm-category-page,False,2,9,V,"https://www.google.com/search (hl=en gl=us pws=0), Chrome signed-in profile, 2026-10-10"
routing and switching expert witness,routing and switching,broad,5,seakexperts.com,/keywords/data-communications-expert-witness,directory-or-firm-category-page,False,2,9,V,"https://www.google.com/search (hl=en gl=us pws=0), Chrome signed-in profile, 2026-10-10"
routing and switching expert witness,routing and switching,broad,6,expertinstitute.com,/expert-witness/network/texas/,directory-or-firm-category-page,False,2,9,V,"https://www.google.com/search (hl=en gl=us pws=0), Chrome signed-in profile, 2026-10-10"
routing and switching expert witness,routing and switching,broad,7,roundtablegroup.com,/expert-witness-field/computer-networking-expert-witnesses/,directory-or-firm-category-page,False,2,9,V,"https://www.google.com/search (hl=en gl=us pws=0), Chrome signed-in profile, 2026-10-10"
routing and switching expert witness,routing and switching,broad,8,instagram.com,/popular/routing-switching-expert-witness/,other,False,2,9,V,"https://www.google.com/search (hl=en gl=us pws=0), Chrome signed-in profile, 2026-10-10"
routing and switching expert witness,routing and switching,broad,9,telecommnet.com,/communications-expert-witness/network-communications-expert-witness/,own-site,True,2,9,V,"https://www.google.com/search (hl=en gl=us pws=0), Chrome signed-in profile, 2026-10-10"
routing switching patent expert witness,routing and switching,patent,1,seakexperts.com,/keywords/routing-switching-expert-witness,directory-or-firm-category-page,False,2,9,V,"https://www.google.com/search (hl=en gl=us pws=0), Chrome signed-in profile, 2026-10-10"
routing switching patent expert witness,routing and switching,patent,2,telecommnet.com,/communications-expert-witness/routing-switching-expert-witness/,own-site,True,2,9,V,"https://www.google.com/search (hl=en gl=us pws=0), Chrome signed-in profile, 2026-10-10"
routing switching patent expert witness,routing and switching,patent,3,legalexperts.ai,/expert-witness/computers-and-technology/routing-switching,directory-or-firm-category-page,False,2,9,V,"https://www.google.com/search (hl=en gl=us pws=0), Chrome signed-in profile, 2026-10-10"
routing switching patent expert witness,routing and switching,patent,4,cahnlitigation.com,/expert-discipline/digital-switching/,directory-or-firm-category-page,False,2,9,V,"https://www.google.com/search (hl=en gl=us pws=0), Chrome signed-in profile, 2026-10-10"
routing switching patent expert witness,routing and switching,patent,5,seakexperts.com,/members/16579-istvan-b-jonyer,directory-profile-or-person,False,2,9,V,"https://www.google.com/search (hl=en gl=us pws=0), Chrome signed-in profile, 2026-10-10"
routing switching patent expert witness,routing and switching,patent,6,barrgroup.com,/software-expert-witness/profile/optical-networking-wavelength-routing,directory-or-firm-category-page,False,2,9,V,"https://www.google.com/search (hl=en gl=us pws=0), Chrome signed-in profile, 2026-10-10"
routing switching patent expert witness,routing and switching,patent,7,ptacts.uspto.gov,/ptacts/public-informations/petitions/1460190/download-documents,PTAB-record,False,2,9,V,"https://www.google.com/search (hl=en gl=us pws=0), Chrome signed-in profile, 2026-10-10"
routing switching patent expert witness,routing and switching,patent,8,nextwitness.com,/experts/dr-tal-lavian-computer-forensics-technology,directory-profile-or-person,False,2,9,V,"https://www.google.com/search (hl=en gl=us pws=0), Chrome signed-in profile, 2026-10-10"
routing switching patent expert witness,routing and switching,patent,9,experts.com,/expert-witnesses/categories/intellectual-property-licensing,directory-or-firm-category-page,False,2,9,V,"https://www.google.com/search (hl=en gl=us pws=0), Chrome signed-in profile, 2026-10-10"
voip expert witness,voip,broad,1,telecommnet.com,/communications-expert-witness/voice-over-ip-voip-expert/,own-site,True,1,9,V,"https://www.google.com/search (hl=en gl=us pws=0), Chrome signed-in profile, 2026-10-10"
voip expert witness,voip,broad,2,expertinstitute.com,/expert/telecommunications-and-computer-software-expert-witness-e-517156/,directory-profile-or-person,False,1,9,V,"https://www.google.com/search (hl=en gl=us pws=0), Chrome signed-in profile, 2026-10-10"
voip expert witness,voip,broad,3,forensisgroup.com,/forensis-expert-witness/expertise/voice-over-ip,directory-or-firm-category-page,False,1,9,V,"https://www.google.com/search (hl=en gl=us pws=0), Chrome signed-in profile, 2026-10-10"
voip expert witness,voip,broad,4,cahnlitigation.com,/expert-discipline/voice-over-ip/,directory-or-firm-category-page,False,1,9,V,"https://www.google.com/search (hl=en gl=us pws=0), Chrome signed-in profile, 2026-10-10"
voip expert witness,voip,broad,5,seakexperts.com,/members/22264-randall-a-snyder,directory-profile-or-person,False,1,9,V,"https://www.google.com/search (hl=en gl=us pws=0), Chrome signed-in profile, 2026-10-10"
voip expert witness,voip,broad,6,ipexpertwitness.net,/voip-expert-witness/,other,False,1,9,V,"https://www.google.com/search (hl=en gl=us pws=0), Chrome signed-in profile, 2026-10-10"
voip expert witness,voip,broad,7,jurispro.com,/category/communications-s-227,directory-or-firm-category-page,False,1,9,V,"https://www.google.com/search (hl=en gl=us pws=0), Chrome signed-in profile, 2026-10-10"
voip expert witness,voip,broad,8,expertwitnessprofiler.com,/expert-witness/Aaron-Woolfson/1547723,directory-profile-or-person,False,1,9,V,"https://www.google.com/search (hl=en gl=us pws=0), Chrome signed-in profile, 2026-10-10"
voip expert witness,voip,broad,9,sidespingroup.com,/telecommunications-expert-witness/,directory-or-firm-category-page,False,1,9,V,"https://www.google.com/search (hl=en gl=us pws=0), Chrome signed-in profile, 2026-10-10"
voip patent litigation expert witness,voip,patent,1,telecommnet.com,/communications-expert-witness/voice-over-ip-voip-expert/,own-site,True,1,9,V,"https://www.google.com/search (hl=en gl=us pws=0), Chrome signed-in profile, 2026-10-10"
voip patent litigation expert witness,voip,patent,2,seakexperts.com,/keywords/voice-over-ip-vo-ip-expert-witness,directory-or-firm-category-page,False,1,9,V,"https://www.google.com/search (hl=en gl=us pws=0), Chrome signed-in profile, 2026-10-10"
voip patent litigation expert witness,voip,patent,3,sidespingroup.com,/telecommunications-expert-witness/,directory-or-firm-category-page,False,1,9,V,"https://www.google.com/search (hl=en gl=us pws=0), Chrome signed-in profile, 2026-10-10"
voip patent litigation expert witness,voip,patent,4,cahnlitigation.com,/expert-discipline/voice-over-ip/,directory-or-firm-category-page,False,1,9,V,"https://www.google.com/search (hl=en gl=us pws=0), Chrome signed-in profile, 2026-10-10"
voip patent litigation expert witness,voip,patent,5,rubinanders.com,/portfolio-items/voip-expert-for-patent-infringement-case/,directory-or-firm-category-page,False,1,9,V,"https://www.google.com/search (hl=en gl=us pws=0), Chrome signed-in profile, 2026-10-10"
voip patent litigation expert witness,voip,patent,6,law.com,/expert-witness/expertsbio/tal-lavian/,directory-profile-or-person,False,1,9,V,"https://www.google.com/search (hl=en gl=us pws=0), Chrome signed-in profile, 2026-10-10"
voip patent litigation expert witness,voip,patent,7,telecommnet.com,/communications-expert-witness/pstn-voip-expert-witness/,own-site,True,1,9,V,"https://www.google.com/search (hl=en gl=us pws=0), Chrome signed-in profile, 2026-10-10"
voip patent litigation expert witness,voip,patent,8,jurispro.com,/expert/dr-tal-lavian-phd-2569,directory-profile-or-person,False,1,9,V,"https://www.google.com/search (hl=en gl=us pws=0), Chrome signed-in profile, 2026-10-10"
voip patent litigation expert witness,voip,patent,9,forensisgroup.com,/forensis-expert-witness/expertise/telephony,directory-or-firm-category-page,False,1,9,V,"https://www.google.com/search (hl=en gl=us pws=0), Chrome signed-in profile, 2026-10-10"
pstn expert witness,pstn and voip,broad,1,telecommnet.com,/communications-expert-witness/pstn-voip-expert-witness/,own-site,True,1,9,V,"https://www.google.com/search (hl=en gl=us pws=0), Chrome signed-in profile, 2026-10-10"
pstn expert witness,pstn and voip,broad,2,seakexperts.com,/specialties/telecommunications-expert-witness,directory-or-firm-category-page,False,1,9,V,"https://www.google.com/search (hl=en gl=us pws=0), Chrome signed-in profile, 2026-10-10"
pstn expert witness,pstn and voip,broad,3,jurispro.com,/category/telecommunications-s-228,directory-or-firm-category-page,False,1,9,V,"https://www.google.com/search (hl=en gl=us pws=0), Chrome signed-in profile, 2026-10-10"
pstn expert witness,pstn and voip,broad,4,telecommnet.com,/communications-expert-witness/pstn-voip-cellular-expert-witness/,own-site,True,1,9,V,"https://www.google.com/search (hl=en gl=us pws=0), Chrome signed-in profile, 2026-10-10"
pstn expert witness,pstn and voip,broad,5,rubinanders.com,/experts/network-and-telecommunications/,directory-or-firm-category-page,False,1,9,V,"https://www.google.com/search (hl=en gl=us pws=0), Chrome signed-in profile, 2026-10-10"
pstn expert witness,pstn and voip,broad,6,barrgroup.com,/software-expert-witness/areas-of-expertise/cellular-telecom,directory-or-firm-category-page,False,1,9,V,"https://www.google.com/search (hl=en gl=us pws=0), Chrome signed-in profile, 2026-10-10"
pstn expert witness,pstn and voip,broad,7,experts.com,/expert-witnesses/categories/telecommunication-communication-technology,directory-or-firm-category-page,False,1,9,V,"https://www.google.com/search (hl=en gl=us pws=0), Chrome signed-in profile, 2026-10-10"
pstn expert witness,pstn and voip,broad,8,forensisgroup.com,/forensis-expert-witness/expertise/telephony,directory-or-firm-category-page,False,1,9,V,"https://www.google.com/search (hl=en gl=us pws=0), Chrome signed-in profile, 2026-10-10"
pstn expert witness,pstn and voip,broad,9,seakexperts.com,/keywords/telecom-exp,directory-or-firm-category-page,False,1,9,V,"https://www.google.com/search (hl=en gl=us pws=0), Chrome signed-in profile, 2026-10-10"
pstn voip patent expert witness,pstn and voip,patent,1,telecommnet.com,/communications-expert-witness/pstn-voip-expert-witness/,own-site,True,1,9,V,"https://www.google.com/search (hl=en gl=us pws=0), Chrome signed-in profile, 2026-10-10"
pstn voip patent expert witness,pstn and voip,patent,2,cahnlitigation.com,/expert-discipline/voice-over-ip/,directory-or-firm-category-page,False,1,9,V,"https://www.google.com/search (hl=en gl=us pws=0), Chrome signed-in profile, 2026-10-10"
pstn voip patent expert witness,pstn and voip,patent,3,seakexperts.com,/members/11343-dr-tal-lavian,directory-profile-or-person,False,1,9,V,"https://www.google.com/search (hl=en gl=us pws=0), Chrome signed-in profile, 2026-10-10"
pstn voip patent expert witness,pstn and voip,patent,4,telecommnet.com,/communications-expert-witness/pstn-voip-cellular-expert-witness/,own-site,True,1,9,V,"https://www.google.com/search (hl=en gl=us pws=0), Chrome signed-in profile, 2026-10-10"
pstn voip patent expert witness,pstn and voip,patent,5,jurispro.com,/expert/dr-tal-lavian-phd-2569,directory-profile-or-person,False,1,9,V,"https://www.google.com/search (hl=en gl=us pws=0), Chrome signed-in profile, 2026-10-10"
pstn voip patent expert witness,pstn and voip,patent,6,sidespingroup.com,/telecommunications-expert-witness/,directory-or-firm-category-page,False,1,9,V,"https://www.google.com/search (hl=en gl=us pws=0), Chrome signed-in profile, 2026-10-10"
pstn voip patent expert witness,pstn and voip,patent,7,expertinstitute.com,/resources/case-studies/telecommunications-expert-witness-opines-on-patent-infringement-case/,directory-or-firm-category-page,False,1,9,V,"https://www.google.com/search (hl=en gl=us pws=0), Chrome signed-in profile, 2026-10-10"
pstn voip patent expert witness,pstn and voip,patent,8,forensisgroup.com,/forensis-expert-witness/expertise/telephony,directory-or-firm-category-page,False,1,9,V,"https://www.google.com/search (hl=en gl=us pws=0), Chrome signed-in profile, 2026-10-10"
pstn voip patent expert witness,pstn and voip,patent,9,dvicomm.com,/services/services/intellectual-property-and-expert-witness/,other,False,1,9,V,"https://www.google.com/search (hl=en gl=us pws=0), Chrome signed-in profile, 2026-10-10"
wireless expert witness,mobile wireless,broad,1,jurispro.com,/category/wireless-technology-s-230,directory-or-firm-category-page,False,,9,V,"https://www.google.com/search (hl=en gl=us pws=0), Chrome signed-in profile, 2026-10-10"
wireless expert witness,mobile wireless,broad,2,expertinstitute.com,/expert-witness/wireless/,directory-or-firm-category-page,False,,9,V,"https://www.google.com/search (hl=en gl=us pws=0), Chrome signed-in profile, 2026-10-10"
wireless expert witness,mobile wireless,broad,3,seakexperts.com,/members/11851-jacob-sharony,directory-profile-or-person,False,,9,V,"https://www.google.com/search (hl=en gl=us pws=0), Chrome signed-in profile, 2026-10-10"
wireless expert witness,mobile wireless,broad,4,lexvisio.com,/expert-witnesses/wireless-technologies/,directory-or-firm-category-page,False,,9,V,"https://www.google.com/search (hl=en gl=us pws=0), Chrome signed-in profile, 2026-10-10"
wireless expert witness,mobile wireless,broad,5,doar.com,/testifying-experts/wireless-experts/,directory-or-firm-category-page,False,,9,V,"https://www.google.com/search (hl=en gl=us pws=0), Chrome signed-in profile, 2026-10-10"
wireless expert witness,mobile wireless,broad,6,law.com,/expert-witness/directory/wireless-systems/,directory-or-firm-category-page,False,,9,V,"https://www.google.com/search (hl=en gl=us pws=0), Chrome signed-in profile, 2026-10-10"
wireless expert witness,mobile wireless,broad,7,mobiusconsulting.com,/,other,False,,9,V,"https://www.google.com/search (hl=en gl=us pws=0), Chrome signed-in profile, 2026-10-10"
wireless expert witness,mobile wireless,broad,8,expertinstitute.com,/expert-witness/wireless/california/,directory-or-firm-category-page,False,,9,V,"https://www.google.com/search (hl=en gl=us pws=0), Chrome signed-in profile, 2026-10-10"
wireless expert witness,mobile wireless,broad,9,cahnlitigation.com,/expert-discipline/wireless/,directory-or-firm-category-page,False,,9,V,"https://www.google.com/search (hl=en gl=us pws=0), Chrome signed-in profile, 2026-10-10"
wi-fi 802.11 patent expert witness,mobile wireless,patent,1,mobiusconsulting.com,/services/wifi-802-11-patent-expert-witness,other,False,,9,V,"https://www.google.com/search (hl=en gl=us pws=0), Chrome signed-in profile, 2026-10-10"
wi-fi 802.11 patent expert witness,mobile wireless,patent,2,cahnlitigation.com,/expert-discipline/wi-fi/,directory-or-firm-category-page,False,,9,V,"https://www.google.com/search (hl=en gl=us pws=0), Chrome signed-in profile, 2026-10-10"
wi-fi 802.11 patent expert witness,mobile wireless,patent,3,seakexperts.com,/members/11851-jacob-sharony,directory-profile-or-person,False,,9,V,"https://www.google.com/search (hl=en gl=us pws=0), Chrome signed-in profile, 2026-10-10"
wi-fi 802.11 patent expert witness,mobile wireless,patent,4,stout.com,/fr-fr/experience/patent-infringement-matter-involving-wi-fi-communications-technology,other,False,,9,V,"https://www.google.com/search (hl=en gl=us pws=0), Chrome signed-in profile, 2026-10-10"
wi-fi 802.11 patent expert witness,mobile wireless,patent,5,lumenci.com,/expert-opportunities/wi-fi-and-802-11-standards/,other,False,,9,V,"https://www.google.com/search (hl=en gl=us pws=0), Chrome signed-in profile, 2026-10-10"
wi-fi 802.11 patent expert witness,mobile wireless,patent,6,barrgroup.com,/software-expert-witness/profile/wifi-networks,directory-or-firm-category-page,False,,9,V,"https://www.google.com/search (hl=en gl=us pws=0), Chrome signed-in profile, 2026-10-10"
wi-fi 802.11 patent expert witness,mobile wireless,patent,7,linkedin.com,/in/shoemake,directory-profile-or-person,False,,9,V,"https://www.google.com/search (hl=en gl=us pws=0), Chrome signed-in profile, 2026-10-10"
wi-fi 802.11 patent expert witness,mobile wireless,patent,8,mobiusconsulting.com,/services/wifi-expert-witness,other,False,,9,V,"https://www.google.com/search (hl=en gl=us pws=0), Chrome signed-in profile, 2026-10-10"
wi-fi 802.11 patent expert witness,mobile wireless,patent,9,jurispro.com,/category/wireless-technology-s-230,directory-or-firm-category-page,False,,9,V,"https://www.google.com/search (hl=en gl=us pws=0), Chrome signed-in profile, 2026-10-10"
mobile wireless patent expert witness,mobile wireless,patent,1,seakexperts.com,/members/11851-jacob-sharony,directory-profile-or-person,False,3,9,V,"https://www.google.com/search (hl=en gl=us pws=0), Chrome signed-in profile, 2026-10-10"
mobile wireless patent expert witness,mobile wireless,patent,2,experts.com,/expert-witnesses/mobile-wireless-technology-expert-witness-jacob-shar,directory-or-firm-category-page,False,3,9,V,"https://www.google.com/search (hl=en gl=us pws=0), Chrome signed-in profile, 2026-10-10"
mobile wireless patent expert witness,mobile wireless,patent,3,telecommnet.com,/communications-expert-witness/mobile-wireless-expert-witness/,own-site,True,3,9,V,"https://www.google.com/search (hl=en gl=us pws=0), Chrome signed-in profile, 2026-10-10"
mobile wireless patent expert witness,mobile wireless,patent,4,cahnlitigation.com,/expert-discipline/smartphone/,directory-or-firm-category-page,False,3,9,V,"https://www.google.com/search (hl=en gl=us pws=0), Chrome signed-in profile, 2026-10-10"
mobile wireless patent expert witness,mobile wireless,patent,5,jurispro.com,/category/wireless-technology-s-230,directory-or-firm-category-page,False,3,9,V,"https://www.google.com/search (hl=en gl=us pws=0), Chrome signed-in profile, 2026-10-10"
mobile wireless patent expert witness,mobile wireless,patent,6,mobiusconsulting.com,/services/wireless-expert-witness,other,False,3,9,V,"https://www.google.com/search (hl=en gl=us pws=0), Chrome signed-in profile, 2026-10-10"
mobile wireless patent expert witness,mobile wireless,patent,7,forensisgroup.com,/forensis-expert-witness/expert/39232,directory-profile-or-person,False,3,9,V,"https://www.google.com/search (hl=en gl=us pws=0), Chrome signed-in profile, 2026-10-10"
mobile wireless patent expert witness,mobile wireless,patent,8,lexvisio.com,/expert-witnesses/wireless-technologies/,directory-or-firm-category-page,False,3,9,V,"https://www.google.com/search (hl=en gl=us pws=0), Chrome signed-in profile, 2026-10-10"
mobile wireless patent expert witness,mobile wireless,patent,9,barrgroup.com,/software-expert-witness/areas-of-expertise/mobile-wireless,directory-or-firm-category-page,False,3,9,V,"https://www.google.com/search (hl=en gl=us pws=0), Chrome signed-in profile, 2026-10-10"
messaging expert witness,messaging and chat,broad,1,forensisgroup.com,/forensis-expert-witness/expertise/text-messaging,directory-or-firm-category-page,False,5,9,V,"https://www.google.com/search (hl=en gl=us pws=0), Chrome signed-in profile, 2026-10-10"
messaging expert witness,messaging and chat,broad,2,seakexperts.com,/specialties/communications-expert-witness,directory-or-firm-category-page,False,5,9,V,"https://www.google.com/search (hl=en gl=us pws=0), Chrome signed-in profile, 2026-10-10"
messaging expert witness,messaging and chat,broad,3,jurispro.com,/category/communications-s-227,directory-or-firm-category-page,False,5,9,V,"https://www.google.com/search (hl=en gl=us pws=0), Chrome signed-in profile, 2026-10-10"
messaging expert witness,messaging and chat,broad,4,futuristsspeakers.com,/messaging-expert-witness-testimony/,other,False,5,9,V,"https://www.google.com/search (hl=en gl=us pws=0), Chrome signed-in profile, 2026-10-10"
messaging expert witness,messaging and chat,broad,5,telecommnet.com,/communications-expert-witness/messaging-and-chat-expert-witness/,own-site,True,5,9,V,"https://www.google.com/search (hl=en gl=us pws=0), Chrome signed-in profile, 2026-10-10"
messaging expert witness,messaging and chat,broad,6,reddit.com,/r/paralegal/comments/1k0gk7l/best_practices_for_communicating_with_expert/,other,False,5,9,V,"https://www.google.com/search (hl=en gl=us pws=0), Chrome signed-in profile, 2026-10-10"
messaging expert witness,messaging and chat,broad,7,howelawfirm.com,/e-discovery-and-forensics/mobile-phone-evidence/text-messages/,other,False,5,9,V,"https://www.google.com/search (hl=en gl=us pws=0), Chrome signed-in profile, 2026-10-10"
messaging expert witness,messaging and chat,broad,8,katetalbotmarketing.com,/social-media-expert-witness,other,False,5,9,V,"https://www.google.com/search (hl=en gl=us pws=0), Chrome signed-in profile, 2026-10-10"
messaging expert witness,messaging and chat,broad,9,cahnlitigation.com,/expert-disci,directory-or-firm-category-page,False,5,9,V,"https://www.google.com/search (hl=en gl=us pws=0), Chrome signed-in profile, 2026-10-10"
text messaging patent expert witness,messaging and chat,patent,1,telecommnet.com,/communications-expert-witness/messaging-and-chat-expert-witness/,own-site,True,1,9,V,"https://www.google.com/search (hl=en gl=us pws=0), Chrome signed-in profile, 2026-10-10"
text messaging patent expert witness,messaging and chat,patent,2,forensisgroup.com,/forensis-expert-witness/expertise/text-messaging,directory-or-firm-category-page,False,1,9,V,"https://www.google.com/search (hl=en gl=us pws=0), Chrome signed-in profile, 2026-10-10"
text messaging patent expert witness,messaging and chat,patent,3,steptoe.com,/en/lawyers/daniel-blynn.html,directory-profile-or-person,False,1,9,V,"https://www.google.com/search (hl=en gl=us pws=0), Chrome signed-in profile, 2026-10-10"
text messaging patent expert witness,messaging and chat,patent,4,cahnlitigation.com,/expert-discipline/smartphone/,directory-or-firm-category-page,False,1,9,V,"https://www.google.com/search (hl=en gl=us pws=0), Chrome signed-in profile, 2026-10-10"
text messaging patent expert witness,messaging and chat,patent,5,jurispro.com,/expert/ray-horak-2382,directory-profile-or-person,False,1,9,V,"https://www.google.com/search (hl=en gl=us pws=0), Chrome signed-in profile, 2026-10-10"
text messaging patent expert witness,messaging and chat,patent,6,sidespingroup.com,/telecommunications-expert-witness/,directory-or-firm-category-page,False,1,9,V,"https://www.google.com/search (hl=en gl=us pws=0), Chrome signed-in profile, 2026-10-10"
text messaging patent expert witness,messaging and chat,patent,7,lexvisio.com,/expert-witness/alexander-resources,directory-or-firm-category-page,False,1,9,V,"https://www.google.com/search (hl=en gl=us pws=0), Chrome signed-in profile, 2026-10-10"
text messaging patent expert witness,messaging and chat,patent,8,evidencesolutions.com,/scott-greene,other,False,1,9,V,"https://www.google.com/search (hl=en gl=us pws=0), Chrome signed-in profile, 2026-10-10"
text messaging patent expert witness,messaging and chat,patent,9,riversonicsolutions.com,/expert-witnessing-in-algorithm-and-software-patent-cases/,other,False,1,9,V,"https://www.google.com/search (hl=en gl=us pws=0), Chrome signed-in profile, 2026-10-10"
streaming media expert witness,streaming media,broad,1,cahnlitigation.com,/expert-discipline/streaming-media/,directory-or-firm-category-page,False,,9,V,"https://www.google.com/search (hl=en gl=us pws=0), Chrome signed-in profile, 2026-10-10"
streaming media expert witness,streaming media,broad,2,seakexperts.com,/keywords/streaming-platforms-expert-witness,directory-or-firm-category-page,False,,9,V,"https://www.google.com/search (hl=en gl=us pws=0), Chrome signed-in profile, 2026-10-10"
streaming media expert witness,streaming media,broad,3,futuristsspeakers.com,/what-is-a-streaming-media-expert-witness/,other,False,,9,V,"https://www.google.com/search (hl=en gl=us pws=0), Chrome signed-in profile, 2026-10-10"
streaming media expert witness,streaming media,broad,4,danrayburn.com,/,other,False,,9,V,"https://www.google.com/search (hl=en gl=us pws=0), Chrome signed-in profile, 2026-10-10"
streaming media expert witness,streaming media,broad,5,barrgroup.com,/software-expert-witness/profile/streaming-multimedia,directory-or-firm-category-page,False,,9,V,"https://www.google.com/search (hl=en gl=us pws=0), Chrome signed-in profile, 2026-10-10"
streaming media expert witness,streaming media,broad,6,sidespingroup.com,/streaming-video-expert-witness/,directory-or-firm-category-page,False,,9,V,"https://www.google.com/search (hl=en gl=us pws=0), Chrome signed-in profile, 2026-10-10"
streaming media expert witness,streaming media,broad,7,jurispro.com,/category/video-s-113,directory-or-firm-category-page,False,,9,V,"https://www.google.com/search (hl=en gl=us pws=0), Chrome signed-in profile, 2026-10-10"
streaming media expert witness,streaming media,broad,8,forensisgroup.com,/forensis-expert-witness/expertise/streaming-video,directory-or-firm-category-page,False,,9,V,"https://www.google.com/search (hl=en gl=us pws=0), Chrome signed-in profile, 2026-10-10"
streaming media expert witness,streaming media,broad,9,law.com,/expert-witness/directory/digital-video/,directory-or-firm-category-page,False,,9,V,"https://www.google.com/search (hl=en gl=us pws=0), Chrome signed-in profile, 2026-10-10"
video streaming patent expert witness,streaming media,patent,1,telecommnet.com,/communications-expert-witness/streaming-media-expert-witness/,own-site,True,1,8,V,"https://www.google.com/search (hl=en gl=us pws=0), Chrome signed-in profile, 2026-10-10"
video streaming patent expert witness,streaming media,patent,2,cahnlitigation.com,/expert-discipline/video-streaming/,directory-or-firm-category-page,False,1,8,V,"https://www.google.com/search (hl=en gl=us pws=0), Chrome signed-in profile, 2026-10-10"
video streaming patent expert witness,streaming media,patent,3,sidespingroup.com,/streaming-video-expert-witness/,directory-or-firm-category-page,False,1,8,V,"https://www.google.com/search (hl=en gl=us pws=0), Chrome signed-in profile, 2026-10-10"
video streaming patent expert witness,streaming media,patent,4,seakexperts.com,/keywords/streaming-platforms-expert-witness,directory-or-firm-category-page,False,1,8,V,"https://www.google.com/search (hl=en gl=us pws=0), Chrome signed-in profile, 2026-10-10"
video streaming patent expert witness,streaming media,patent,5,barrgroup.com,/software-expert-witness/profile/video-encoding-telecom,directory-or-firm-category-page,False,1,8,V,"https://www.google.com/search (hl=en gl=us pws=0), Chrome signed-in profile, 2026-10-10"
video streaming patent expert witness,streaming media,patent,6,nabil.eng.wayne.edu,/patent_infringement_experience/index.html,other,False,1,8,V,"https://www.google.com/search (hl=en gl=us pws=0), Chrome signed-in profile, 2026-10-10"
video streaming patent expert witness,streaming media,patent,7,rubinanders.com,/experts/media-and-entertainment/,directory-or-firm-category-page,False,1,8,V,"https://www.google.com/search (hl=en gl=us pws=0), Chrome signed-in profile, 2026-10-10"
video streaming patent expert witness,streaming media,patent,8,forensisgroup.com,/forensis-expert-witness/expertise/streaming-video,directory-or-firm-category-page,False,1,8,V,"https://www.google.com/search (hl=en gl=us pws=0), Chrome signed-in profile, 2026-10-10"
network management expert witness,network management,broad,1,telecommnet.com,/communications-expert-witness/network-management-expert-witness/,own-site,True,1,9,V,"https://www.google.com/search (hl=en gl=us pws=0), Chrome signed-in profile, 2026-10-10"
network management expert witness,network management,broad,2,seakexperts.com,/specialties/internet-expert-witness,directory-or-firm-category-page,False,1,9,V,"https://www.google.com/search (hl=en gl=us pws=0), Chrome signed-in profile, 2026-10-10"
network management expert witness,network management,broad,3,jurispro.com,/category/networking-s-234,directory-or-firm-category-page,False,1,9,V,"https://www.google.com/search (hl=en gl=us pws=0), Chrome signed-in profile, 2026-10-10"
network management expert witness,network management,broad,4,expertinstitute.com,/expert-witness/network/,directory-or-firm-category-page,False,1,9,V,"https://www.google.com/search (hl=en gl=us pws=0), Chrome signed-in profile, 2026-10-10"
network management expert witness,network management,broad,5,sidespingroup.com,/computer-networking-expert-witness/,directory-or-firm-category-page,False,1,9,V,"https://www.google.com/search (hl=en gl=us pws=0), Chrome signed-in profile, 2026-10-10"
network management expert witness,network management,broad,6,experts.com,/expert-witnesses/categories/computer-networking,directory-or-firm-category-page,False,1,9,V,"https://www.google.com/search (hl=en gl=us pws=0), Chrome signed-in profile, 2026-10-10"
network management expert witness,network management,broad,7,seakexperts.com,/specialties/telecommunications-expert-witness,directory-or-firm-category-page,False,1,9,V,"https://www.google.com/search (hl=en gl=us pws=0), Chrome signed-in profile, 2026-10-10"
network management expert witness,network management,broad,8,cahnlitigation.com,/expert-discipline/networking/,directory-or-firm-category-page,False,1,9,V,"https://www.google.com/search (hl=en gl=us pws=0), Chrome signed-in profile, 2026-10-10"
network management expert witness,network management,broad,9,law.com,/expert-witness/directory/internet-technology/,directory-or-firm-category-page,False,1,9,V,"https://www.google.com/search (hl=en gl=us pws=0), Chrome signed-in profile, 2026-10-10"
network management patent expert witness,network management,patent,1,telecommnet.com,/communications-expert-witness/network-management-expert-witness/,own-site,True,1,9,V,"https://www.google.com/search (hl=en gl=us pws=0), Chrome signed-in profile, 2026-10-10"
network management patent expert witness,network management,patent,2,cahnlitigation.com,/expert-discipline/networking/,directory-or-firm-category-page,False,1,9,V,"https://www.google.com/search (hl=en gl=us pws=0), Chrome signed-in profile, 2026-10-10"
network management patent expert witness,network management,patent,3,seakexperts.com,/members/11343-dr-tal-lavian,directory-profile-or-person,False,1,9,V,"https://www.google.com/search (hl=en gl=us pws=0), Chrome signed-in profile, 2026-10-10"
network management patent expert witness,network management,patent,4,bawman.com,/expert-witness/,other,False,1,9,V,"https://www.google.com/search (hl=en gl=us pws=0), Chrome signed-in profile, 2026-10-10"
network management patent expert witness,network management,patent,5,sidespingroup.com,/computer-networking-expert-witness/,directory-or-firm-category-page,False,1,9,V,"https://www.google.com/search (hl=en gl=us pws=0), Chrome signed-in profile, 2026-10-10"
network management patent expert witness,network management,patent,6,futuristsspeakers.com,/cybersecurity-patent-expert-witness-testimony/,other,False,1,9,V,"https://www.google.com/search (hl=en gl=us pws=0), Chrome signed-in profile, 2026-10-10"
network management patent expert witness,network management,patent,7,jurispro.com,/category/networking-s-234,directory-or-firm-category-page,False,1,9,V,"https://www.google.com/search (hl=en gl=us pws=0), Chrome signed-in profile, 2026-10-10"
network management patent expert witness,network management,patent,8,forensisgroup.com,/forensis-expert-witness/expertise/software-patent,directory-or-firm-category-page,False,1,9,V,"https://www.google.com/search (hl=en gl=us pws=0), Chrome signed-in profile, 2026-10-10"
network management patent expert witness,network management,patent,9,seakexperts.com,/specialties/internet-expert-witness,directory-or-firm-category-page,False,1,9,V,"https://www.google.com/search (hl=en gl=us pws=0), Chrome signed-in profile, 2026-10-10"
network security expert witness,network security,broad,1,seakexperts.com,/keywords/network-security-expert-witness,directory-or-firm-category-page,False,4,9,V,"https://www.google.com/search (hl=en gl=us pws=0), Chrome signed-in profile, 2026-10-10"
network security expert witness,network security,broad,2,jurispro.com,/category/cybersecurity-s-680,directory-or-firm-category-page,False,4,9,V,"https://www.google.com/search (hl=en gl=us pws=0), Chrome signed-in profile, 2026-10-10"
network security expert witness,network security,broad,3,seakexperts.com,/specialties/cybersecurity-expert-witness,directory-or-firm-category-page,False,4,9,V,"https://www.google.com/search (hl=en gl=us pws=0), Chrome signed-in profile, 2026-10-10"
network security expert witness,network security,broad,4,telecommnet.com,/communications-expert-witness/network-security-expert-witness/,own-site,True,4,9,V,"https://www.google.com/search (hl=en gl=us pws=0), Chrome signed-in profile, 2026-10-10"
network security expert witness,network security,broad,5,expertinstitute.com,/expert-witness/network/,directory-or-firm-category-page,False,4,9,V,"https://www.google.com/search (hl=en gl=us pws=0), Chrome signed-in profile, 2026-10-10"
network security expert witness,network security,broad,6,barrgroup.com,/software-expert-witness/profile/cryptography-network-security,directory-or-firm-category-page,False,4,9,V,"https://www.google.com/search (hl=en gl=us pws=0), Chrome signed-in profile, 2026-10-10"
network security expert witness,network security,broad,7,mitnicksecurity.com,/expert-witness-services,other,False,4,9,V,"https://www.google.com/search (hl=en gl=us pws=0), Chrome signed-in profile, 2026-10-10"
network security expert witness,network security,broad,8,hka.com,/people/richard-peters/,directory-profile-or-person,False,4,9,V,"https://www.google.com/search (hl=en gl=us pws=0), Chrome signed-in profile, 2026-10-10"
network security expert witness,network security,broad,9,forensisgroup.com,/forensis-expert-witness/expertise/cyber-security,directory-or-firm-category-page,False,4,9,V,"https://www.google.com/search (hl=en gl=us pws=0), Chrome signed-in profile, 2026-10-10"
network security patent expert witness,network security,patent,1,telecommnet.com,/communications-expert-witness/network-security-expert-witness/,own-site,True,1,9,V,"https://www.google.com/search (hl=en gl=us pws=0), Chrome signed-in profile, 2026-10-10"
network security patent expert witness,network security,patent,2,seakexperts.com,/keywords/network-security-expert-witness,directory-or-firm-category-page,False,1,9,V,"https://www.google.com/search (hl=en gl=us pws=0), Chrome signed-in profile, 2026-10-10"
network security patent expert witness,network security,patent,3,josephsteinberg.com,/cybersecurity-expert-witness/,other,False,1,9,V,"https://www.google.com/search (hl=en gl=us pws=0), Chrome signed-in profile, 2026-10-10"
network security patent expert witness,network security,patent,4,barrgroup.com,/software-expert-witness/areas-of-expertise/computer-security,directory-or-firm-category-page,False,1,9,V,"https://www.google.com/search (hl=en gl=us pws=0), Chrome signed-in profile, 2026-10-10"
network security patent expert witness,network security,patent,5,cahnlitigation.com,/expert-discipline/computer-security/,directory-or-firm-category-page,False,1,9,V,"https://www.google.com/search (hl=en gl=us pws=0), Chrome signed-in profile, 2026-10-10"
network security patent expert witness,network security,patent,6,nabil.eng.wayne.edu,/patent_infringement_experience/index.html,other,False,1,9,V,"https://www.google.com/search (hl=en gl=us pws=0), Chrome signed-in profile, 2026-10-10"
network security patent expert witness,network security,patent,7,futuristsspeakers.com,/cybersecurity-patent-expert-witness-testimony/,other,False,1,9,V,"https://www.google.com/search (hl=en gl=us pws=0), Chrome signed-in profile, 2026-10-10"
network security patent expert witness,network security,patent,8,jurispro.com,/category/telecommunications-s-228/CA,directory-or-firm-category-page,False,1,9,V,"https://www.google.com/search (hl=en gl=us pws=0), Chrome signed-in profile, 2026-10-10"
network security patent expert witness,network security,patent,9,seakexperts.com,/members/11343-dr-tal-lavian,directory-profile-or-person,False,1,9,V,"https://www.google.com/search (hl=en gl=us pws=0), Chrome signed-in profile, 2026-10-10"
